Username,Password
narendraemployee@yopmail.com,Test@9822
narendraemployee@yopmail.com,Test@9822
narendraemployee@yopmail.com,Test@9822
narendraemployee@yopmail.com,Test@9822
narendraemployee@yopmail.com,Test@9822
narendraemployee@yopmail.com,Test@9822
narendraemployee@yopmail.com,Test@9822
narendraemployee@yopmail.com,Test@9822
narendraemployee@yopmail.com,Test@9822
narendraemployee@yopmail.com,Test@9822
narendraemployee@yopmail.com,Test@9822
narendraemployee@yopmail.com,Test@9822
narendraemployee@yopmail.com,Test@9822
narendraemployee@yopmail.com,Test@9822
narendraemployee@yopmail.com,Test@9822
narendraemployee@yopmail.com,Test@9822
narendraemployee@yopmail.com,Test@9822
narendraemployee@yopmail.com,Test@9822
narendraemployee@yopmail.com,Test@9822
narendraemployee@yopmail.com,Test@9822
narendraemployee@yopmail.com,Test@9822
narendraemployee@yopmail.com,Test@9822
narendraemployee@yopmail.com,Test@9822
narendraemployee@yopmail.com,Test@9822
narendraemployee@yopmail.com,Test@9822
narendraemployee@yopmail.com,Test@9822
narendraemployee@yopmail.com,Test@9822
narendraemployee@yopmail.com,Test@9822
narendraemployee@yopmail.com,Test@9822
narendraemployee@yopmail.com,Test@9822
narendraemployee@yopmail.com,Test@9822
narendraemployee@yopmail.com,Test@9822
narendraemployee@yopmail.com,Test@9822
narendraemployee@yopmail.com,Test@9822
narendraemployee@yopmail.com,Test@9822
narendraemployee@yopmail.com,Test@9822
narendraemployee@yopmail.com,Test@9822
narendraemployee@yopmail.com,Test@9822
narendraemployee@yopmail.com,Test@9822
narendraemployee@yopmail.com,Test@9822
narendraemployee@yopmail.com,Test@9822
narendraemployee@yopmail.com,Test@9822
narendraemployee@yopmail.com,Test@9822
narendraemployee@yopmail.com,Test@9822
narendraemployee@yopmail.com,Test@9822
narendraemployee@yopmail.com,Test@9822
narendraemployee@yopmail.com,Test@9822
narendraemployee@yopmail.com,Test@9822
narendraemployee@yopmail.com,Test@9822
narendraemployee@yopmail.com,Test@9822
narendraemployee@yopmail.com,Test@9822
narendraemployee@yopmail.com,Test@9822
narendraemployee@yopmail.com,Test@9822
narendraemployee@yopmail.com,Test@9822
narendraemployee@yopmail.com,Test@9822
narendraemployee@yopmail.com,Test@9822
narendraemployee@yopmail.com,Test@9822
narendraemployee@yopmail.com,Test@9822
narendraemployee@yopmail.com,Test@9822
narendraemployee@yopmail.com,Test@9822
narendraemployee@yopmail.com,Test@9822
narendraemployee@yopmail.com,Test@9822
narendraemployee@yopmail.com,Test@9822
narendraemployee@yopmail.com,Test@9822
narendraemployee@yopmail.com,Test@9822
narendraemployee@yopmail.com,Test@9822
narendraemployee@yopmail.com,Test@9822
narendraemployee@yopmail.com,Test@9822
narendraemployee@yopmail.com,Test@9822
narendraemployee@yopmail.com,Test@9822
narendraemployee@yopmail.com,Test@9822
narendraemployee@yopmail.com,Test@9822
narendraemployee@yopmail.com,Test@9822
narendraemployee@yopmail.com,Test@9822
narendraemployee@yopmail.com,Test@9822
narendraemployee@yopmail.com,Test@9822
narendraemployee@yopmail.com,Test@9822
narendraemployee@yopmail.com,Test@9822
narendraemployee@yopmail.com,Test@9822
narendraemployee@yopmail.com,Test@9822
narendraemployee@yopmail.com,Test@9822
narendraemployee@yopmail.com,Test@9822
narendraemployee@yopmail.com,Test@9822
narendraemployee@yopmail.com,Test@9822
narendraemployee@yopmail.com,Test@9822
narendraemployee@yopmail.com,Test@9822
narendraemployee@yopmail.com,Test@9822
narendraemployee@yopmail.com,Test@9822
narendraemployee@yopmail.com,Test@9822
narendraemployee@yopmail.com,Test@9822
narendraemployee@yopmail.com,Test@9822
narendraemployee@yopmail.com,Test@9822
narendraemployee@yopmail.com,Test@9822
narendraemployee@yopmail.com,Test@9822
narendraemployee@yopmail.com,Test@9822
narendraemployee@yopmail.com,Test@9822
narendraemployee@yopmail.com,Test@9822
narendraemployee@yopmail.com,Test@9822
narendraemployee@yopmail.com,Test@9822
narendraemployee@yopmail.com,Test@9822
narendraemployee@yopmail.com,Test@9822
narendraemployee@yopmail.com,Test@9822
narendraemployee@yopmail.com,Test@9822
narendraemployee@yopmail.com,Test@9822
narendraemployee@yopmail.com,Test@9822
narendraemployee@yopmail.com,Test@9822
narendraemployee@yopmail.com,Test@9822
narendraemployee@yopmail.com,Test@9822
narendraemployee@yopmail.com,Test@9822
narendraemployee@yopmail.com,Test@9822
narendraemployee@yopmail.com,Test@9822
narendraemployee@yopmail.com,Test@9822
narendraemployee@yopmail.com,Test@9822
narendraemployee@yopmail.com,Test@9822
narendraemployee@yopmail.com,Test@9822
narendraemployee@yopmail.com,Test@9822
narendraemployee@yopmail.com,Test@9822
narendraemployee@yopmail.com,Test@9822
narendraemployee@yopmail.com,Test@9822
narendraemployee@yopmail.com,Test@9822
narendraemployee@yopmail.com,Test@9822
narendraemployee@yopmail.com,Test@9822
narendraemployee@yopmail.com,Test@9822
narendraemployee@yopmail.com,Test@9822
narendraemployee@yopmail.com,Test@9822
narendraemployee@yopmail.com,Test@9822
narendraemployee@yopmail.com,Test@9822
narendraemployee@yopmail.com,Test@9822
narendraemployee@yopmail.com,Test@9822
narendraemployee@yopmail.com,Test@9822
narendraemployee@yopmail.com,Test@9822
narendraemployee@yopmail.com,Test@9822
narendraemployee@yopmail.com,Test@9822
narendraemployee@yopmail.com,Test@9822
narendraemployee@yopmail.com,Test@9822
narendraemployee@yopmail.com,Test@9822
narendraemployee@yopmail.com,Test@9822
narendraemployee@yopmail.com,Test@9822
narendraemployee@yopmail.com,Test@9822
narendraemployee@yopmail.com,Test@9822
narendraemployee@yopmail.com,Test@9822
narendraemployee@yopmail.com,Test@9822
narendraemployee@yopmail.com,Test@9822
narendraemployee@yopmail.com,Test@9822
narendraemployee@yopmail.com,Test@9822
narendraemployee@yopmail.com,Test@9822
narendraemployee@yopmail.com,Test@9822
narendraemployee@yopmail.com,Test@9822
narendraemployee@yopmail.com,Test@9822
narendraemployee@yopmail.com,Test@9822
narendraemployee@yopmail.com,Test@9822
narendraemployee@yopmail.com,Test@9822
narendraemployee@yopmail.com,Test@9822
narendraemployee@yopmail.com,Test@9822
narendraemployee@yopmail.com,Test@9822
narendraemployee@yopmail.com,Test@9822
narendraemployee@yopmail.com,Test@9822
narendraemployee@yopmail.com,Test@9822
narendraemployee@yopmail.com,Test@9822
narendraemployee@yopmail.com,Test@9822
narendraemployee@yopmail.com,Test@9822
narendraemployee@yopmail.com,Test@9822
narendraemployee@yopmail.com,Test@9822
narendraemployee@yopmail.com,Test@9822
narendraemployee@yopmail.com,Test@9822
narendraemployee@yopmail.com,Test@9822
narendraemployee@yopmail.com,Test@9822
narendraemployee@yopmail.com,Test@9822
narendraemployee@yopmail.com,Test@9822
narendraemployee@yopmail.com,Test@9822
narendraemployee@yopmail.com,Test@9822
narendraemployee@yopmail.com,Test@9822
narendraemployee@yopmail.com,Test@9822
narendraemployee@yopmail.com,Test@9822
narendraemployee@yopmail.com,Test@9822
narendraemployee@yopmail.com,Test@9822
narendraemployee@yopmail.com,Test@9822
narendraemployee@yopmail.com,Test@9822
narendraemployee@yopmail.com,Test@9822
narendraemployee@yopmail.com,Test@9822
narendraemployee@yopmail.com,Test@9822
narendraemployee@yopmail.com,Test@9822
narendraemployee@yopmail.com,Test@9822
narendraemployee@yopmail.com,Test@9822
narendraemployee@yopmail.com,Test@9822
narendraemployee@yopmail.com,Test@9822
narendraemployee@yopmail.com,Test@9822
narendraemployee@yopmail.com,Test@9822
narendraemployee@yopmail.com,Test@9822
narendraemployee@yopmail.com,Test@9822
narendraemployee@yopmail.com,Test@9822
narendraemployee@yopmail.com,Test@9822
narendraemployee@yopmail.com,Test@9822
narendraemployee@yopmail.com,Test@9822
narendraemployee@yopmail.com,Test@9822
narendraemployee@yopmail.com,Test@9822
narendraemployee@yopmail.com,Test@9822
narendraemployee@yopmail.com,Test@9822
narendraemployee@yopmail.com,Test@9822
narendraemployee@yopmail.com,Test@9822
